[
  {
    "model": "clubs.owner",
    "pk": "Robert Williams (Owner of Arsenal)",
    "fields": {
      "age": 60,
      "slug": "robert-williams-owner-of-arsenal"
    }
  },
  {
    "model": "clubs.manager",
    "pk": "Nathan Taylor (Manager of Arsenal)",
    "fields": {
      "age": 42,
      "nationality": "England",
      "matches_played": 290,
      "slug": "nathan-taylor-manager-of-arsenal"
    }
  },
  {
    "model": "clubs.club",
    "pk": "Arsenal",
    "fields": {
      "slug": "arsenal",
      "manager": "Nathan Taylor (Manager of Arsenal)",
      "owner": "Robert Williams (Owner of Arsenal)",
      "form": "WLLDW"
    }
  },
  {
    "model": "clubs.player",
    "pk": "Robert Taylor (GK of Arsenal)",
    "fields": {
      "age": 21,
      "position": "GK",
      "avr_rating": 6.1,
      "club": "Arsenal",
      "slug": "robert-taylor-gk-of-arsenal"
    }
  },
  {
    "model": "clubs.player",
    "pk": "Leo Miller (CBL of Arsenal)",
    "fields": {
      "age": 34,
      "position": "CBL",
      "avr_rating": 7.4,
      "club": "Arsenal",
      "slug": "leo-miller-cbl-of-arsenal"
    }
  },
  {
    "model": "clubs.player",
    "pk": "Tom Young (CBR of Arsenal)",
    "fields": {
      "age": 32,
      "position": "CBR",
      "avr_rating": 7.0,
      "club": "Arsenal",
      "slug": "tom-young-cbr-of-arsenal"
    }
  },
  {
    "model": "clubs.player",
    "pk": "Jason Wright (LB of Arsenal)",
    "fields": {
      "age": 33,
      "position": "LB",
      "avr_rating": 6.6,
      "club": "Arsenal",
      "slug": "jason-wright-lb-of-arsenal"
    }
  },
  {
    "model": "clubs.player",
    "pk": "Ryan Jones (RB of Arsenal)",
    "fields": {
      "age": 30,
      "position": "RB",
      "avr_rating": 8.0,
      "club": "Arsenal",
      "slug": "ryan-jones-rb-of-arsenal"
    }
  },
  {
    "model": "clubs.player",
    "pk": "Luke Wilson (DM of Arsenal)",
    "fields": {
      "age": 32,
      "position": "DM",
      "avr_rating": 7.9,
      "club": "Arsenal",
      "slug": "luke-wilson-dm-of-arsenal"
    }
  },
  {
    "model": "clubs.player",
    "pk": "James Williams (CM of Arsenal)",
    "fields": {
      "age": 33,
      "position": "CM",
      "avr_rating": 6.3,
      "club": "Arsenal",
      "slug": "james-williams-cm-of-arsenal"
    }
  },
  {
    "model": "clubs.player",
    "pk": "Leo Taylor (AM of Arsenal)",
    "fields": {
      "age": 24,
      "position": "AM",
      "avr_rating": 7.5,
      "club": "Arsenal",
      "slug": "leo-taylor-am-of-arsenal"
    }
  },
  {
    "model": "clubs.player",
    "pk": "Michael King (LW of Arsenal)",
    "fields": {
      "age": 23,
      "position": "LW",
      "avr_rating": 6.5,
      "club": "Arsenal",
      "slug": "michael-king-lw-of-arsenal"
    }
  },
  {
    "model": "clubs.player",
    "pk": "Luke Jones (RW of Arsenal)",
    "fields": {
      "age": 21,
      "position": "RW",
      "avr_rating": 6.5,
      "club": "Arsenal",
      "slug": "luke-jones-rw-of-arsenal"
    }
  },
  {
    "model": "clubs.player",
    "pk": "Jason Mitchell (ST of Arsenal)",
    "fields": {
      "age": 22,
      "position": "ST",
      "avr_rating": 8.4,
      "club": "Arsenal",
      "slug": "jason-mitchell-st-of-arsenal"
    }
  },
  {
    "model": "clubs.owner",
    "pk": "Sam Clark (Owner of Manchester United)",
    "fields": {
      "age": 72,
      "slug": "sam-clark-owner-of-manchester-united"
    }
  },
  {
    "model": "clubs.manager",
    "pk": "Henry Smith (Manager of Manchester United)",
    "fields": {
      "age": 55,
      "nationality": "England",
      "matches_played": 106,
      "slug": "henry-smith-manager-of-manchester-united"
    }
  },
  {
    "model": "clubs.club",
    "pk": "Manchester United",
    "fields": {
      "slug": "manchester-united",
      "manager": "Henry Smith (Manager of Manchester United)",
      "owner": "Sam Clark (Owner of Manchester United)",
      "form": "LDDLW"
    }
  },
  {
    "model": "clubs.player",
    "pk": "Tom Mitchell (GK of Manchester United)",
    "fields": {
      "age": 28,
      "position": "GK",
      "avr_rating": 6.7,
      "club": "Manchester United",
      "slug": "tom-mitchell-gk-of-manchester-united"
    }
  },
  {
    "model": "clubs.player",
    "pk": "Daniel Wright (CBL of Manchester United)",
    "fields": {
      "age": 20,
      "position": "CBL",
      "avr_rating": 6.7,
      "club": "Manchester United",
      "slug": "daniel-wright-cbl-of-manchester-united"
    }
  },
  {
    "model": "clubs.player",
    "pk": "George King (CBR of Manchester United)",
    "fields": {
      "age": 22,
      "position": "CBR",
      "avr_rating": 7.8,
      "club": "Manchester United",
      "slug": "george-king-cbr-of-manchester-united"
    }
  },
  {
    "model": "clubs.player",
    "pk": "James Young (LB of Manchester United)",
    "fields": {
      "age": 29,
      "position": "LB",
      "avr_rating": 8.2,
      "club": "Manchester United",
      "slug": "james-young-lb-of-manchester-united"
    }
  },
  {
    "model": "clubs.player",
    "pk": "Nathan Hall (RB of Manchester United)",
    "fields": {
      "age": 32,
      "position": "RB",
      "avr_rating": 8.4,
      "club": "Manchester United",
      "slug": "nathan-hall-rb-of-manchester-united"
    }
  },
  {
    "model": "clubs.player",
    "pk": "Anthony Mitchell (DM of Manchester United)",
    "fields": {
      "age": 35,
      "position": "DM",
      "avr_rating": 8.5,
      "club": "Manchester United",
      "slug": "anthony-mitchell-dm-of-manchester-united"
    }
  },
  {
    "model": "clubs.player",
    "pk": "Robert Walker (CM of Manchester United)",
    "fields": {
      "age": 20,
      "position": "CM",
      "avr_rating": 7.6,
      "club": "Manchester United",
      "slug": "robert-walker-cm-of-manchester-united"
    }
  },
  {
    "model": "clubs.player",
    "pk": "Luke Hall (AM of Manchester United)",
    "fields": {
      "age": 28,
      "position": "AM",
      "avr_rating": 7.8,
      "club": "Manchester United",
      "slug": "luke-hall-am-of-manchester-united"
    }
  },
  {
    "model": "clubs.player",
    "pk": "Elijah Smith (LW of Manchester United)",
    "fields": {
      "age": 19,
      "position": "LW",
      "avr_rating": 8.1,
      "club": "Manchester United",
      "slug": "elijah-smith-lw-of-manchester-united"
    }
  },
  {
    "model": "clubs.player",
    "pk": "Daniel Brown (RW of Manchester United)",
    "fields": {
      "age": 22,
      "position": "RW",
      "avr_rating": 7.3,
      "club": "Manchester United",
      "slug": "daniel-brown-rw-of-manchester-united"
    }
  },
  {
    "model": "clubs.player",
    "pk": "Tom King (ST of Manchester United)",
    "fields": {
      "age": 20,
      "position": "ST",
      "avr_rating": 8.1,
      "club": "Manchester United",
      "slug": "tom-king-st-of-manchester-united"
    }
  },
  {
    "model": "clubs.owner",
    "pk": "David Mitchell (Owner of Manchester City)",
    "fields": {
      "age": 66,
      "slug": "david-mitchell-owner-of-manchester-city"
    }
  },
  {
    "model": "clubs.manager",
    "pk": "Ryan Hall (Manager of Manchester City)",
    "fields": {
      "age": 47,
      "nationality": "England",
      "matches_played": 274,
      "slug": "ryan-hall-manager-of-manchester-city"
    }
  },
  {
    "model": "clubs.club",
    "pk": "Manchester City",
    "fields": {
      "slug": "manchester-city",
      "manager": "Ryan Hall (Manager of Manchester City)",
      "owner": "David Mitchell (Owner of Manchester City)",
      "form": "DDDWW"
    }
  },
  {
    "model": "clubs.player",
    "pk": "Robert Hall (GK of Manchester City)",
    "fields": {
      "age": 29,
      "position": "GK",
      "avr_rating": 7.8,
      "club": "Manchester City",
      "slug": "robert-hall-gk-of-manchester-city"
    }
  },
  {
    "model": "clubs.player",
    "pk": "Oliver Wilson (CBL of Manchester City)",
    "fields": {
      "age": 35,
      "position": "CBL",
      "avr_rating": 6.4,
      "club": "Manchester City",
      "slug": "oliver-wilson-cbl-of-manchester-city"
    }
  },
  {
    "model": "clubs.player",
    "pk": "Oliver Williams (CBR of Manchester City)",
    "fields": {
      "age": 29,
      "position": "CBR",
      "avr_rating": 6.1,
      "club": "Manchester City",
      "slug": "oliver-williams-cbr-of-manchester-city"
    }
  },
  {
    "model": "clubs.player",
    "pk": "Daniel Smith (LB of Manchester City)",
    "fields": {
      "age": 35,
      "position": "LB",
      "avr_rating": 7.7,
      "club": "Manchester City",
      "slug": "daniel-smith-lb-of-manchester-city"
    }
  },
  {
    "model": "clubs.player",
    "pk": "David Taylor (RB of Manchester City)",
    "fields": {
      "age": 18,
      "position": "RB",
      "avr_rating": 8.0,
      "club": "Manchester City",
      "slug": "david-taylor-rb-of-manchester-city"
    }
  },
  {
    "model": "clubs.player",
    "pk": "Victor Clark (DM of Manchester City)",
    "fields": {
      "age": 19,
      "position": "DM",
      "avr_rating": 8.1,
      "club": "Manchester City",
      "slug": "victor-clark-dm-of-manchester-city"
    }
  },
  {
    "model": "clubs.player",
    "pk": "John Clark (CM of Manchester City)",
    "fields": {
      "age": 22,
      "position": "CM",
      "avr_rating": 7.7,
      "club": "Manchester City",
      "slug": "john-clark-cm-of-manchester-city"
    }
  },
  {
    "model": "clubs.player",
    "pk": "Nathan Miller (AM of Manchester City)",
    "fields": {
      "age": 30,
      "position": "AM",
      "avr_rating": 6.9,
      "club": "Manchester City",
      "slug": "nathan-miller-am-of-manchester-city"
    }
  },
  {
    "model": "clubs.player",
    "pk": "Oliver Miller (LW of Manchester City)",
    "fields": {
      "age": 34,
      "position": "LW",
      "avr_rating": 8.5,
      "club": "Manchester City",
      "slug": "oliver-miller-lw-of-manchester-city"
    }
  },
  {
    "model": "clubs.player",
    "pk": "Ryan Clark (RW of Manchester City)",
    "fields": {
      "age": 31,
      "position": "RW",
      "avr_rating": 6.9,
      "club": "Manchester City",
      "slug": "ryan-clark-rw-of-manchester-city"
    }
  },
  {
    "model": "clubs.player",
    "pk": "George Bennett (ST of Manchester City)",
    "fields": {
      "age": 35,
      "position": "ST",
      "avr_rating": 6.5,
      "club": "Manchester City",
      "slug": "george-bennett-st-of-manchester-city"
    }
  },
  {
    "model": "clubs.owner",
    "pk": "Chris Clark (Owner of Chelsea)",
    "fields": {
      "age": 71,
      "slug": "chris-clark-owner-of-chelsea"
    }
  },
  {
    "model": "clubs.manager",
    "pk": "Elijah Davis (Manager of Chelsea)",
    "fields": {
      "age": 44,
      "nationality": "England",
      "matches_played": 90,
      "slug": "elijah-davis-manager-of-chelsea"
    }
  },
  {
    "model": "clubs.club",
    "pk": "Chelsea",
    "fields": {
      "slug": "chelsea",
      "manager": "Elijah Davis (Manager of Chelsea)",
      "owner": "Chris Clark (Owner of Chelsea)",
      "form": "DWLWL"
    }
  },
  {
    "model": "clubs.player",
    "pk": "John Wright (GK of Chelsea)",
    "fields": {
      "age": 34,
      "position": "GK",
      "avr_rating": 7.5,
      "club": "Chelsea",
      "slug": "john-wright-gk-of-chelsea"
    }
  },
  {
    "model": "clubs.player",
    "pk": "Tom Davis (CBL of Chelsea)",
    "fields": {
      "age": 18,
      "position": "CBL",
      "avr_rating": 8.3,
      "club": "Chelsea",
      "slug": "tom-davis-cbl-of-chelsea"
    }
  },
  {
    "model": "clubs.player",
    "pk": "Nathan Clark (CBR of Chelsea)",
    "fields": {
      "age": 33,
      "position": "CBR",
      "avr_rating": 8.4,
      "club": "Chelsea",
      "slug": "nathan-clark-cbr-of-chelsea"
    }
  },
  {
    "model": "clubs.player",
    "pk": "David Jones (LB of Chelsea)",
    "fields": {
      "age": 33,
      "position": "LB",
      "avr_rating": 8.6,
      "club": "Chelsea",
      "slug": "david-jones-lb-of-chelsea"
    }
  },
  {
    "model": "clubs.player",
    "pk": "Henry Walker (RB of Chelsea)",
    "fields": {
      "age": 21,
      "position": "RB",
      "avr_rating": 6.5,
      "club": "Chelsea",
      "slug": "henry-walker-rb-of-chelsea"
    }
  },
  {
    "model": "clubs.player",
    "pk": "Daniel Miller (DM of Chelsea)",
    "fields": {
      "age": 31,
      "position": "DM",
      "avr_rating": 7.2,
      "club": "Chelsea",
      "slug": "daniel-miller-dm-of-chelsea"
    }
  },
  {
    "model": "clubs.player",
    "pk": "Jason Scott (CM of Chelsea)",
    "fields": {
      "age": 25,
      "position": "CM",
      "avr_rating": 7.3,
      "club": "Chelsea",
      "slug": "jason-scott-cm-of-chelsea"
    }
  },
  {
    "model": "clubs.player",
    "pk": "Luke Walker (AM of Chelsea)",
    "fields": {
      "age": 20,
      "position": "AM",
      "avr_rating": 7.0,
      "club": "Chelsea",
      "slug": "luke-walker-am-of-chelsea"
    }
  },
  {
    "model": "clubs.player",
    "pk": "David Wilson (LW of Chelsea)",
    "fields": {
      "age": 29,
      "position": "LW",
      "avr_rating": 7.5,
      "club": "Chelsea",
      "slug": "david-wilson-lw-of-chelsea"
    }
  },
  {
    "model": "clubs.player",
    "pk": "Oliver Young (RW of Chelsea)",
    "fields": {
      "age": 34,
      "position": "RW",
      "avr_rating": 6.2,
      "club": "Chelsea",
      "slug": "oliver-young-rw-of-chelsea"
    }
  },
  {
    "model": "clubs.player",
    "pk": "Michael Smith (ST of Chelsea)",
    "fields": {
      "age": 34,
      "position": "ST",
      "avr_rating": 7.0,
      "club": "Chelsea",
      "slug": "michael-smith-st-of-chelsea"
    }
  },
  {
    "model": "clubs.owner",
    "pk": "Ryan Lewis (Owner of Liverpool)",
    "fields": {
      "age": 71,
      "slug": "ryan-lewis-owner-of-liverpool"
    }
  },
  {
    "model": "clubs.manager",
    "pk": "Elijah Young (Manager of Liverpool)",
    "fields": {
      "age": 39,
      "nationality": "England",
      "matches_played": 188,
      "slug": "elijah-young-manager-of-liverpool"
    }
  },
  {
    "model": "clubs.club",
    "pk": "Liverpool",
    "fields": {
      "slug": "liverpool",
      "manager": "Elijah Young (Manager of Liverpool)",
      "owner": "Ryan Lewis (Owner of Liverpool)",
      "form": "WLWDW"
    }
  },
  {
    "model": "clubs.player",
    "pk": "Chris King (GK of Liverpool)",
    "fields": {
      "age": 20,
      "position": "GK",
      "avr_rating": 8.9,
      "club": "Liverpool",
      "slug": "chris-king-gk-of-liverpool"
    }
  },
  {
    "model": "clubs.player",
    "pk": "Henry Lewis (CBL of Liverpool)",
    "fields": {
      "age": 31,
      "position": "CBL",
      "avr_rating": 8.2,
      "club": "Liverpool",
      "slug": "henry-lewis-cbl-of-liverpool"
    }
  },
  {
    "model": "clubs.player",
    "pk": "Luke Lewis (CBR of Liverpool)",
    "fields": {
      "age": 26,
      "position": "CBR",
      "avr_rating": 8.7,
      "club": "Liverpool",
      "slug": "luke-lewis-cbr-of-liverpool"
    }
  },
  {
    "model": "clubs.player",
    "pk": "Victor Jones (LB of Liverpool)",
    "fields": {
      "age": 28,
      "position": "LB",
      "avr_rating": 8.8,
      "club": "Liverpool",
      "slug": "victor-jones-lb-of-liverpool"
    }
  },
  {
    "model": "clubs.player",
    "pk": "John Jones (RB of Liverpool)",
    "fields": {
      "age": 26,
      "position": "RB",
      "avr_rating": 6.0,
      "club": "Liverpool",
      "slug": "john-jones-rb-of-liverpool"
    }
  },
  {
    "model": "clubs.player",
    "pk": "Daniel Hall (DM of Liverpool)",
    "fields": {
      "age": 27,
      "position": "DM",
      "avr_rating": 6.4,
      "club": "Liverpool",
      "slug": "daniel-hall-dm-of-liverpool"
    }
  },
  {
    "model": "clubs.player",
    "pk": "Daniel Lewis (CM of Liverpool)",
    "fields": {
      "age": 25,
      "position": "CM",
      "avr_rating": 7.7,
      "club": "Liverpool",
      "slug": "daniel-lewis-cm-of-liverpool"
    }
  },
  {
    "model": "clubs.player",
    "pk": "Luke Smith (AM of Liverpool)",
    "fields": {
      "age": 24,
      "position": "AM",
      "avr_rating": 8.8,
      "club": "Liverpool",
      "slug": "luke-smith-am-of-liverpool"
    }
  },
  {
    "model": "clubs.player",
    "pk": "James Smith (LW of Liverpool)",
    "fields": {
      "age": 24,
      "position": "LW",
      "avr_rating": 8.0,
      "club": "Liverpool",
      "slug": "james-smith-lw-of-liverpool"
    }
  },
  {
    "model": "clubs.player",
    "pk": "John Walker (RW of Liverpool)",
    "fields": {
      "age": 33,
      "position": "RW",
      "avr_rating": 8.5,
      "club": "Liverpool",
      "slug": "john-walker-rw-of-liverpool"
    }
  },
  {
    "model": "clubs.player",
    "pk": "Ryan Wright (ST of Liverpool)",
    "fields": {
      "age": 35,
      "position": "ST",
      "avr_rating": 7.0,
      "club": "Liverpool",
      "slug": "ryan-wright-st-of-liverpool"
    }
  },
  {
    "model": "clubs.owner",
    "pk": "Victor Walker (Owner of Tottenham)",
    "fields": {
      "age": 61,
      "slug": "victor-walker-owner-of-tottenham"
    }
  },
  {
    "model": "clubs.manager",
    "pk": "Henry Davis (Manager of Tottenham)",
    "fields": {
      "age": 39,
      "nationality": "England",
      "matches_played": 144,
      "slug": "henry-davis-manager-of-tottenham"
    }
  },
  {
    "model": "clubs.club",
    "pk": "Tottenham",
    "fields": {
      "slug": "tottenham",
      "manager": "Henry Davis (Manager of Tottenham)",
      "owner": "Victor Walker (Owner of Tottenham)",
      "form": "LLDDL"
    }
  },
  {
    "model": "clubs.player",
    "pk": "Victor Scott (GK of Tottenham)",
    "fields": {
      "age": 20,
      "position": "GK",
      "avr_rating": 8.2,
      "club": "Tottenham",
      "slug": "victor-scott-gk-of-tottenham"
    }
  },
  {
    "model": "clubs.player",
    "pk": "James Wright (CBL of Tottenham)",
    "fields": {
      "age": 26,
      "position": "CBL",
      "avr_rating": 6.8,
      "club": "Tottenham",
      "slug": "james-wright-cbl-of-tottenham"
    }
  },
  {
    "model": "clubs.player",
    "pk": "Michael Johnson (CBR of Tottenham)",
    "fields": {
      "age": 28,
      "position": "CBR",
      "avr_rating": 6.6,
      "club": "Tottenham",
      "slug": "michael-johnson-cbr-of-tottenham"
    }
  },
  {
    "model": "clubs.player",
    "pk": "Daniel King (LB of Tottenham)",
    "fields": {
      "age": 31,
      "position": "LB",
      "avr_rating": 8.2,
      "club": "Tottenham",
      "slug": "daniel-king-lb-of-tottenham"
    }
  },
  {
    "model": "clubs.player",
    "pk": "Elijah Scott (RB of Tottenham)",
    "fields": {
      "age": 20,
      "position": "RB",
      "avr_rating": 8.0,
      "club": "Tottenham",
      "slug": "elijah-scott-rb-of-tottenham"
    }
  },
  {
    "model": "clubs.player",
    "pk": "Anthony Lewis (DM of Tottenham)",
    "fields": {
      "age": 35,
      "position": "DM",
      "avr_rating": 6.1,
      "club": "Tottenham",
      "slug": "anthony-lewis-dm-of-tottenham"
    }
  },
  {
    "model": "clubs.player",
    "pk": "Daniel Johnson (CM of Tottenham)",
    "fields": {
      "age": 22,
      "position": "CM",
      "avr_rating": 6.1,
      "club": "Tottenham",
      "slug": "daniel-johnson-cm-of-tottenham"
    }
  },
  {
    "model": "clubs.player",
    "pk": "Chris Mitchell (AM of Tottenham)",
    "fields": {
      "age": 33,
      "position": "AM",
      "avr_rating": 8.4,
      "club": "Tottenham",
      "slug": "chris-mitchell-am-of-tottenham"
    }
  },
  {
    "model": "clubs.player",
    "pk": "Tom Hall (LW of Tottenham)",
    "fields": {
      "age": 22,
      "position": "LW",
      "avr_rating": 8.0,
      "club": "Tottenham",
      "slug": "tom-hall-lw-of-tottenham"
    }
  },
  {
    "model": "clubs.player",
    "pk": "John Miller (RW of Tottenham)",
    "fields": {
      "age": 19,
      "position": "RW",
      "avr_rating": 7.5,
      "club": "Tottenham",
      "slug": "john-miller-rw-of-tottenham"
    }
  },
  {
    "model": "clubs.player",
    "pk": "John Smith (ST of Tottenham)",
    "fields": {
      "age": 27,
      "position": "ST",
      "avr_rating": 7.7,
      "club": "Tottenham",
      "slug": "john-smith-st-of-tottenham"
    }
  },
  {
    "model": "clubs.owner",
    "pk": "Robert Wright (Owner of Newcastle)",
    "fields": {
      "age": 46,
      "slug": "robert-wright-owner-of-newcastle"
    }
  },
  {
    "model": "clubs.manager",
    "pk": "Sam Brown (Manager of Newcastle)",
    "fields": {
      "age": 57,
      "nationality": "England",
      "matches_played": 123,
      "slug": "sam-brown-manager-of-newcastle"
    }
  },
  {
    "model": "clubs.club",
    "pk": "Newcastle",
    "fields": {
      "slug": "newcastle",
      "manager": "Sam Brown (Manager of Newcastle)",
      "owner": "Robert Wright (Owner of Newcastle)",
      "form": "DDWWL"
    }
  },
  {
    "model": "clubs.player",
    "pk": "Tom Taylor (GK of Newcastle)",
    "fields": {
      "age": 26,
      "position": "GK",
      "avr_rating": 6.7,
      "club": "Newcastle",
      "slug": "tom-taylor-gk-of-newcastle"
    }
  },
  {
    "model": "clubs.player",
    "pk": "Ryan Mitchell (CBL of Newcastle)",
    "fields": {
      "age": 35,
      "position": "CBL",
      "avr_rating": 6.5,
      "club": "Newcastle",
      "slug": "ryan-mitchell-cbl-of-newcastle"
    }
  },
  {
    "model": "clubs.player",
    "pk": "Daniel Jones (CBR of Newcastle)",
    "fields": {
      "age": 29,
      "position": "CBR",
      "avr_rating": 6.6,
      "club": "Newcastle",
      "slug": "daniel-jones-cbr-of-newcastle"
    }
  },
  {
    "model": "clubs.player",
    "pk": "Luke Bennett (LB of Newcastle)",
    "fields": {
      "age": 26,
      "position": "LB",
      "avr_rating": 6.1,
      "club": "Newcastle",
      "slug": "luke-bennett-lb-of-newcastle"
    }
  },
  {
    "model": "clubs.player",
    "pk": "John Young (RB of Newcastle)",
    "fields": {
      "age": 19,
      "position": "RB",
      "avr_rating": 7.1,
      "club": "Newcastle",
      "slug": "john-young-rb-of-newcastle"
    }
  },
  {
    "model": "clubs.player",
    "pk": "James Lewis (DM of Newcastle)",
    "fields": {
      "age": 21,
      "position": "DM",
      "avr_rating": 8.6,
      "club": "Newcastle",
      "slug": "james-lewis-dm-of-newcastle"
    }
  },
  {
    "model": "clubs.player",
    "pk": "Sam Jones (CM of Newcastle)",
    "fields": {
      "age": 22,
      "position": "CM",
      "avr_rating": 8.8,
      "club": "Newcastle",
      "slug": "sam-jones-cm-of-newcastle"
    }
  },
  {
    "model": "clubs.player",
    "pk": "John Lewis (AM of Newcastle)",
    "fields": {
      "age": 27,
      "position": "AM",
      "avr_rating": 7.8,
      "club": "Newcastle",
      "slug": "john-lewis-am-of-newcastle"
    }
  },
  {
    "model": "clubs.player",
    "pk": "Sam Walker (LW of Newcastle)",
    "fields": {
      "age": 26,
      "position": "LW",
      "avr_rating": 8.6,
      "club": "Newcastle",
      "slug": "sam-walker-lw-of-newcastle"
    }
  },
  {
    "model": "clubs.player",
    "pk": "David Miller (RW of Newcastle)",
    "fields": {
      "age": 21,
      "position": "RW",
      "avr_rating": 6.4,
      "club": "Newcastle",
      "slug": "david-miller-rw-of-newcastle"
    }
  },
  {
    "model": "clubs.player",
    "pk": "Robert Davis (ST of Newcastle)",
    "fields": {
      "age": 31,
      "position": "ST",
      "avr_rating": 8.2,
      "club": "Newcastle",
      "slug": "robert-davis-st-of-newcastle"
    }
  },
  {
    "model": "clubs.owner",
    "pk": "Sam Davis (Owner of Aston Villa)",
    "fields": {
      "age": 53,
      "slug": "sam-davis-owner-of-aston-villa"
    }
  },
  {
    "model": "clubs.manager",
    "pk": "James Johnson (Manager of Aston Villa)",
    "fields": {
      "age": 52,
      "nationality": "England",
      "matches_played": 122,
      "slug": "james-johnson-manager-of-aston-villa"
    }
  },
  {
    "model": "clubs.club",
    "pk": "Aston Villa",
    "fields": {
      "slug": "aston-villa",
      "manager": "James Johnson (Manager of Aston Villa)",
      "owner": "Sam Davis (Owner of Aston Villa)",
      "form": "DWWWL"
    }
  },
  {
    "model": "clubs.player",
    "pk": "Leo Jones (GK of Aston Villa)",
    "fields": {
      "age": 29,
      "position": "GK",
      "avr_rating": 7.3,
      "club": "Aston Villa",
      "slug": "leo-jones-gk-of-aston-villa"
    }
  },
  {
    "model": "clubs.player",
    "pk": "Sam Wilson (CBL of Aston Villa)",
    "fields": {
      "age": 25,
      "position": "CBL",
      "avr_rating": 7.8,
      "club": "Aston Villa",
      "slug": "sam-wilson-cbl-of-aston-villa"
    }
  },
  {
    "model": "clubs.player",
    "pk": "George Davis (CBR of Aston Villa)",
    "fields": {
      "age": 27,
      "position": "CBR",
      "avr_rating": 7.1,
      "club": "Aston Villa",
      "slug": "george-davis-cbr-of-aston-villa"
    }
  },
  {
    "model": "clubs.player",
    "pk": "James Scott (LB of Aston Villa)",
    "fields": {
      "age": 19,
      "position": "LB",
      "avr_rating": 9.0,
      "club": "Aston Villa",
      "slug": "james-scott-lb-of-aston-villa"
    }
  },
  {
    "model": "clubs.player",
    "pk": "Nathan Johnson (RB of Aston Villa)",
    "fields": {
      "age": 19,
      "position": "RB",
      "avr_rating": 6.6,
      "club": "Aston Villa",
      "slug": "nathan-johnson-rb-of-aston-villa"
    }
  },
  {
    "model": "clubs.player",
    "pk": "George Allen (DM of Aston Villa)",
    "fields": {
      "age": 31,
      "position": "DM",
      "avr_rating": 7.7,
      "club": "Aston Villa",
      "slug": "george-allen-dm-of-aston-villa"
    }
  },
  {
    "model": "clubs.player",
    "pk": "David Clark (CM of Aston Villa)",
    "fields": {
      "age": 20,
      "position": "CM",
      "avr_rating": 7.5,
      "club": "Aston Villa",
      "slug": "david-clark-cm-of-aston-villa"
    }
  },
  {
    "model": "clubs.player",
    "pk": "Sam Smith (AM of Aston Villa)",
    "fields": {
      "age": 35,
      "position": "AM",
      "avr_rating": 8.9,
      "club": "Aston Villa",
      "slug": "sam-smith-am-of-aston-villa"
    }
  },
  {
    "model": "clubs.player",
    "pk": "Oliver Walker (LW of Aston Villa)",
    "fields": {
      "age": 23,
      "position": "LW",
      "avr_rating": 6.3,
      "club": "Aston Villa",
      "slug": "oliver-walker-lw-of-aston-villa"
    }
  },
  {
    "model": "clubs.player",
    "pk": "Oliver Mitchell (RW of Aston Villa)",
    "fields": {
      "age": 24,
      "position": "RW",
      "avr_rating": 8.8,
      "club": "Aston Villa",
      "slug": "oliver-mitchell-rw-of-aston-villa"
    }
  },
  {
    "model": "clubs.player",
    "pk": "Anthony Clark (ST of Aston Villa)",
    "fields": {
      "age": 23,
      "position": "ST",
      "avr_rating": 6.6,
      "club": "Aston Villa",
      "slug": "anthony-clark-st-of-aston-villa"
    }
  },
  {
    "model": "clubs.owner",
    "pk": "Oliver Smith (Owner of West Ham)",
    "fields": {
      "age": 61,
      "slug": "oliver-smith-owner-of-west-ham"
    }
  },
  {
    "model": "clubs.manager",
    "pk": "Luke Williams (Manager of West Ham)",
    "fields": {
      "age": 61,
      "nationality": "England",
      "matches_played": 220,
      "slug": "luke-williams-manager-of-west-ham"
    }
  },
  {
    "model": "clubs.club",
    "pk": "West Ham",
    "fields": {
      "slug": "west-ham",
      "manager": "Luke Williams (Manager of West Ham)",
      "owner": "Oliver Smith (Owner of West Ham)",
      "form": "DLWLW"
    }
  },
  {
    "model": "clubs.player",
    "pk": "Ryan Bennett (GK of West Ham)",
    "fields": {
      "age": 26,
      "position": "GK",
      "avr_rating": 8.8,
      "club": "West Ham",
      "slug": "ryan-bennett-gk-of-west-ham"
    }
  },
  {
    "model": "clubs.player",
    "pk": "Jason Johnson (CBL of West Ham)",
    "fields": {
      "age": 29,
      "position": "CBL",
      "avr_rating": 7.7,
      "club": "West Ham",
      "slug": "jason-johnson-cbl-of-west-ham"
    }
  },
  {
    "model": "clubs.player",
    "pk": "Jason Jones (CBR of West Ham)",
    "fields": {
      "age": 22,
      "position": "CBR",
      "avr_rating": 8.9,
      "club": "West Ham",
      "slug": "jason-jones-cbr-of-west-ham"
    }
  },
  {
    "model": "clubs.player",
    "pk": "Nathan Bennett (LB of West Ham)",
    "fields": {
      "age": 18,
      "position": "LB",
      "avr_rating": 6.4,
      "club": "West Ham",
      "slug": "nathan-bennett-lb-of-west-ham"
    }
  },
  {
    "model": "clubs.player",
    "pk": "John Davis (RB of West Ham)",
    "fields": {
      "age": 25,
      "position": "RB",
      "avr_rating": 7.7,
      "club": "West Ham",
      "slug": "john-davis-rb-of-west-ham"
    }
  },
  {
    "model": "clubs.player",
    "pk": "Leo Williams (DM of West Ham)",
    "fields": {
      "age": 19,
      "position": "DM",
      "avr_rating": 6.7,
      "club": "West Ham",
      "slug": "leo-williams-dm-of-west-ham"
    }
  },
  {
    "model": "clubs.player",
    "pk": "John Taylor (CM of West Ham)",
    "fields": {
      "age": 25,
      "position": "CM",
      "avr_rating": 6.7,
      "club": "West Ham",
      "slug": "john-taylor-cm-of-west-ham"
    }
  },
  {
    "model": "clubs.player",
    "pk": "James Wilson (AM of West Ham)",
    "fields": {
      "age": 23,
      "position": "AM",
      "avr_rating": 8.9,
      "club": "West Ham",
      "slug": "james-wilson-am-of-west-ham"
    }
  },
  {
    "model": "clubs.player",
    "pk": "Victor Bennett (LW of West Ham)",
    "fields": {
      "age": 34,
      "position": "LW",
      "avr_rating": 6.2,
      "club": "West Ham",
      "slug": "victor-bennett-lw-of-west-ham"
    }
  },
  {
    "model": "clubs.player",
    "pk": "Michael Wilson (RW of West Ham)",
    "fields": {
      "age": 18,
      "position": "RW",
      "avr_rating": 7.3,
      "club": "West Ham",
      "slug": "michael-wilson-rw-of-west-ham"
    }
  },
  {
    "model": "clubs.player",
    "pk": "Robert Johnson (ST of West Ham)",
    "fields": {
      "age": 21,
      "position": "ST",
      "avr_rating": 6.5,
      "club": "West Ham",
      "slug": "robert-johnson-st-of-west-ham"
    }
  },
  {
    "model": "clubs.owner",
    "pk": "George Walker (Owner of Brighton)",
    "fields": {
      "age": 51,
      "slug": "george-walker-owner-of-brighton"
    }
  },
  {
    "model": "clubs.manager",
    "pk": "Elijah Jones (Manager of Brighton)",
    "fields": {
      "age": 49,
      "nationality": "England",
      "matches_played": 282,
      "slug": "elijah-jones-manager-of-brighton"
    }
  },
  {
    "model": "clubs.club",
    "pk": "Brighton",
    "fields": {
      "slug": "brighton",
      "manager": "Elijah Jones (Manager of Brighton)",
      "owner": "George Walker (Owner of Brighton)",
      "form": "DLLLD"
    }
  },
  {
    "model": "clubs.player",
    "pk": "Jason Walker (GK of Brighton)",
    "fields": {
      "age": 24,
      "position": "GK",
      "avr_rating": 7.2,
      "club": "Brighton",
      "slug": "jason-walker-gk-of-brighton"
    }
  },
  {
    "model": "clubs.player",
    "pk": "Daniel Walker (CBL of Brighton)",
    "fields": {
      "age": 18,
      "position": "CBL",
      "avr_rating": 8.3,
      "club": "Brighton",
      "slug": "daniel-walker-cbl-of-brighton"
    }
  },
  {
    "model": "clubs.player",
    "pk": "Sam Johnson (CBR of Brighton)",
    "fields": {
      "age": 27,
      "position": "CBR",
      "avr_rating": 6.3,
      "club": "Brighton",
      "slug": "sam-johnson-cbr-of-brighton"
    }
  },
  {
    "model": "clubs.player",
    "pk": "George Brown (LB of Brighton)",
    "fields": {
      "age": 35,
      "position": "LB",
      "avr_rating": 8.3,
      "club": "Brighton",
      "slug": "george-brown-lb-of-brighton"
    }
  },
  {
    "model": "clubs.player",
    "pk": "Anthony Brown (RB of Brighton)",
    "fields": {
      "age": 33,
      "position": "RB",
      "avr_rating": 8.1,
      "club": "Brighton",
      "slug": "anthony-brown-rb-of-brighton"
    }
  },
  {
    "model": "clubs.player",
    "pk": "Jason Taylor (DM of Brighton)",
    "fields": {
      "age": 18,
      "position": "DM",
      "avr_rating": 7.0,
      "club": "Brighton",
      "slug": "jason-taylor-dm-of-brighton"
    }
  },
  {
    "model": "clubs.player",
    "pk": "David Williams (CM of Brighton)",
    "fields": {
      "age": 24,
      "position": "CM",
      "avr_rating": 8.4,
      "club": "Brighton",
      "slug": "david-williams-cm-of-brighton"
    }
  },
  {
    "model": "clubs.player",
    "pk": "George Scott (AM of Brighton)",
    "fields": {
      "age": 23,
      "position": "AM",
      "avr_rating": 8.4,
      "club": "Brighton",
      "slug": "george-scott-am-of-brighton"
    }
  },
  {
    "model": "clubs.player",
    "pk": "Nathan Young (LW of Brighton)",
    "fields": {
      "age": 22,
      "position": "LW",
      "avr_rating": 6.0,
      "club": "Brighton",
      "slug": "nathan-young-lw-of-brighton"
    }
  },
  {
    "model": "clubs.player",
    "pk": "Anthony King (RW of Brighton)",
    "fields": {
      "age": 34,
      "position": "RW",
      "avr_rating": 8.5,
      "club": "Brighton",
      "slug": "anthony-king-rw-of-brighton"
    }
  },
  {
    "model": "clubs.player",
    "pk": "Chris Taylor (ST of Brighton)",
    "fields": {
      "age": 24,
      "position": "ST",
      "avr_rating": 8.7,
      "club": "Brighton",
      "slug": "chris-taylor-st-of-brighton"
    }
  },
  {
    "model": "clubs.owner",
    "pk": "John Allen (Owner of Brentford)",
    "fields": {
      "age": 66,
      "slug": "john-allen-owner-of-brentford"
    }
  },
  {
    "model": "clubs.manager",
    "pk": "Nathan Walker (Manager of Brentford)",
    "fields": {
      "age": 43,
      "nationality": "England",
      "matches_played": 289,
      "slug": "nathan-walker-manager-of-brentford"
    }
  },
  {
    "model": "clubs.club",
    "pk": "Brentford",
    "fields": {
      "slug": "brentford",
      "manager": "Nathan Walker (Manager of Brentford)",
      "owner": "John Allen (Owner of Brentford)",
      "form": "DDLLL"
    }
  },
  {
    "model": "clubs.player",
    "pk": "George Johnson (GK of Brentford)",
    "fields": {
      "age": 35,
      "position": "GK",
      "avr_rating": 6.8,
      "club": "Brentford",
      "slug": "george-johnson-gk-of-brentford"
    }
  },
  {
    "model": "clubs.player",
    "pk": "George Smith (CBL of Brentford)",
    "fields": {
      "age": 18,
      "position": "CBL",
      "avr_rating": 8.5,
      "club": "Brentford",
      "slug": "george-smith-cbl-of-brentford"
    }
  },
  {
    "model": "clubs.player",
    "pk": "Sam Mitchell (CBR of Brentford)",
    "fields": {
      "age": 22,
      "position": "CBR",
      "avr_rating": 7.6,
      "club": "Brentford",
      "slug": "sam-mitchell-cbr-of-brentford"
    }
  },
  {
    "model": "clubs.player",
    "pk": "George Williams (LB of Brentford)",
    "fields": {
      "age": 31,
      "position": "LB",
      "avr_rating": 7.3,
      "club": "Brentford",
      "slug": "george-williams-lb-of-brentford"
    }
  },
  {
    "model": "clubs.player",
    "pk": "Michael Mitchell (RB of Brentford)",
    "fields": {
      "age": 18,
      "position": "RB",
      "avr_rating": 7.9,
      "club": "Brentford",
      "slug": "michael-mitchell-rb-of-brentford"
    }
  },
  {
    "model": "clubs.player",
    "pk": "George Jones (DM of Brentford)",
    "fields": {
      "age": 18,
      "position": "DM",
      "avr_rating": 7.0,
      "club": "Brentford",
      "slug": "george-jones-dm-of-brentford"
    }
  },
  {
    "model": "clubs.player",
    "pk": "Daniel Bennett (CM of Brentford)",
    "fields": {
      "age": 26,
      "position": "CM",
      "avr_rating": 7.1,
      "club": "Brentford",
      "slug": "daniel-bennett-cm-of-brentford"
    }
  },
  {
    "model": "clubs.player",
    "pk": "Jason Clark (AM of Brentford)",
    "fields": {
      "age": 22,
      "position": "AM",
      "avr_rating": 8.5,
      "club": "Brentford",
      "slug": "jason-clark-am-of-brentford"
    }
  },
  {
    "model": "clubs.player",
    "pk": "Chris Johnson (LW of Brentford)",
    "fields": {
      "age": 21,
      "position": "LW",
      "avr_rating": 7.1,
      "club": "Brentford",
      "slug": "chris-johnson-lw-of-brentford"
    }
  },
  {
    "model": "clubs.player",
    "pk": "Oliver Davis (RW of Brentford)",
    "fields": {
      "age": 19,
      "position": "RW",
      "avr_rating": 6.2,
      "club": "Brentford",
      "slug": "oliver-davis-rw-of-brentford"
    }
  },
  {
    "model": "clubs.player",
    "pk": "Oliver Taylor (ST of Brentford)",
    "fields": {
      "age": 19,
      "position": "ST",
      "avr_rating": 6.5,
      "club": "Brentford",
      "slug": "oliver-taylor-st-of-brentford"
    }
  },
  {
    "model": "clubs.owner",
    "pk": "Oliver Bennett (Owner of Wolves)",
    "fields": {
      "age": 66,
      "slug": "oliver-bennett-owner-of-wolves"
    }
  },
  {
    "model": "clubs.manager",
    "pk": "Victor Allen (Manager of Wolves)",
    "fields": {
      "age": 38,
      "nationality": "England",
      "matches_played": 107,
      "slug": "victor-allen-manager-of-wolves"
    }
  },
  {
    "model": "clubs.club",
    "pk": "Wolves",
    "fields": {
      "slug": "wolves",
      "manager": "Victor Allen (Manager of Wolves)",
      "owner": "Oliver Bennett (Owner of Wolves)",
      "form": "WDLLW"
    }
  },
  {
    "model": "clubs.player",
    "pk": "Anthony Young (GK of Wolves)",
    "fields": {
      "age": 18,
      "position": "GK",
      "avr_rating": 6.3,
      "club": "Wolves",
      "slug": "anthony-young-gk-of-wolves"
    }
  },
  {
    "model": "clubs.player",
    "pk": "Leo Hall (CBL of Wolves)",
    "fields": {
      "age": 33,
      "position": "CBL",
      "avr_rating": 6.6,
      "club": "Wolves",
      "slug": "leo-hall-cbl-of-wolves"
    }
  },
  {
    "model": "clubs.player",
    "pk": "Sam Wright (CBR of Wolves)",
    "fields": {
      "age": 18,
      "position": "CBR",
      "avr_rating": 7.4,
      "club": "Wolves",
      "slug": "sam-wright-cbr-of-wolves"
    }
  },
  {
    "model": "clubs.player",
    "pk": "Oliver King (LB of Wolves)",
    "fields": {
      "age": 29,
      "position": "LB",
      "avr_rating": 8.4,
      "club": "Wolves",
      "slug": "oliver-king-lb-of-wolves"
    }
  },
  {
    "model": "clubs.player",
    "pk": "Michael Wright (RB of Wolves)",
    "fields": {
      "age": 27,
      "position": "RB",
      "avr_rating": 6.6,
      "club": "Wolves",
      "slug": "michael-wright-rb-of-wolves"
    }
  },
  {
    "model": "clubs.player",
    "pk": "Nathan Jones (DM of Wolves)",
    "fields": {
      "age": 31,
      "position": "DM",
      "avr_rating": 7.0,
      "club": "Wolves",
      "slug": "nathan-jones-dm-of-wolves"
    }
  },
  {
    "model": "clubs.player",
    "pk": "Anthony Jones (CM of Wolves)",
    "fields": {
      "age": 20,
      "position": "CM",
      "avr_rating": 7.5,
      "club": "Wolves",
      "slug": "anthony-jones-cm-of-wolves"
    }
  },
  {
    "model": "clubs.player",
    "pk": "James Brown (AM of Wolves)",
    "fields": {
      "age": 27,
      "position": "AM",
      "avr_rating": 7.5,
      "club": "Wolves",
      "slug": "james-brown-am-of-wolves"
    }
  },
  {
    "model": "clubs.player",
    "pk": "James Walker (LW of Wolves)",
    "fields": {
      "age": 27,
      "position": "LW",
      "avr_rating": 8.9,
      "club": "Wolves",
      "slug": "james-walker-lw-of-wolves"
    }
  },
  {
    "model": "clubs.player",
    "pk": "James Hall (RW of Wolves)",
    "fields": {
      "age": 21,
      "position": "RW",
      "avr_rating": 8.8,
      "club": "Wolves",
      "slug": "james-hall-rw-of-wolves"
    }
  },
  {
    "model": "clubs.player",
    "pk": "Robert King (ST of Wolves)",
    "fields": {
      "age": 26,
      "position": "ST",
      "avr_rating": 7.2,
      "club": "Wolves",
      "slug": "robert-king-st-of-wolves"
    }
  },
  {
    "model": "clubs.owner",
    "pk": "Oliver Johnson (Owner of Crystal Palace)",
    "fields": {
      "age": 48,
      "slug": "oliver-johnson-owner-of-crystal-palace"
    }
  },
  {
    "model": "clubs.manager",
    "pk": "Victor Johnson (Manager of Crystal Palace)",
    "fields": {
      "age": 64,
      "nationality": "England",
      "matches_played": 141,
      "slug": "victor-johnson-manager-of-crystal-palace"
    }
  },
  {
    "model": "clubs.club",
    "pk": "Crystal Palace",
    "fields": {
      "slug": "crystal-palace",
      "manager": "Victor Johnson (Manager of Crystal Palace)",
      "owner": "Oliver Johnson (Owner of Crystal Palace)",
      "form": "WLLWL"
    }
  },
  {
    "model": "clubs.player",
    "pk": "Michael Hall (GK of Crystal Palace)",
    "fields": {
      "age": 28,
      "position": "GK",
      "avr_rating": 6.4,
      "club": "Crystal Palace",
      "slug": "michael-hall-gk-of-crystal-palace"
    }
  },
  {
    "model": "clubs.player",
    "pk": "Anthony Scott (CBL of Crystal Palace)",
    "fields": {
      "age": 18,
      "position": "CBL",
      "avr_rating": 7.2,
      "club": "Crystal Palace",
      "slug": "anthony-scott-cbl-of-crystal-palace"
    }
  },
  {
    "model": "clubs.player",
    "pk": "Michael Taylor (CBR of Crystal Palace)",
    "fields": {
      "age": 23,
      "position": "CBR",
      "avr_rating": 7.9,
      "club": "Crystal Palace",
      "slug": "michael-taylor-cbr-of-crystal-palace"
    }
  },
  {
    "model": "clubs.player",
    "pk": "Elijah Taylor (LB of Crystal Palace)",
    "fields": {
      "age": 35,
      "position": "LB",
      "avr_rating": 6.7,
      "club": "Crystal Palace",
      "slug": "elijah-taylor-lb-of-crystal-palace"
    }
  },
  {
    "model": "clubs.player",
    "pk": "Ryan Taylor (RB of Crystal Palace)",
    "fields": {
      "age": 28,
      "position": "RB",
      "avr_rating": 6.2,
      "club": "Crystal Palace",
      "slug": "ryan-taylor-rb-of-crystal-palace"
    }
  },
  {
    "model": "clubs.player",
    "pk": "Elijah Allen (DM of Crystal Palace)",
    "fields": {
      "age": 35,
      "position": "DM",
      "avr_rating": 8.4,
      "club": "Crystal Palace",
      "slug": "elijah-allen-dm-of-crystal-palace"
    }
  },
  {
    "model": "clubs.player",
    "pk": "Luke Miller (CM of Crystal Palace)",
    "fields": {
      "age": 24,
      "position": "CM",
      "avr_rating": 7.8,
      "club": "Crystal Palace",
      "slug": "luke-miller-cm-of-crystal-palace"
    }
  },
  {
    "model": "clubs.player",
    "pk": "Robert Wilson (AM of Crystal Palace)",
    "fields": {
      "age": 18,
      "position": "AM",
      "avr_rating": 8.5,
      "club": "Crystal Palace",
      "slug": "robert-wilson-am-of-crystal-palace"
    }
  },
  {
    "model": "clubs.player",
    "pk": "Daniel Allen (LW of Crystal Palace)",
    "fields": {
      "age": 18,
      "position": "LW",
      "avr_rating": 7.4,
      "club": "Crystal Palace",
      "slug": "daniel-allen-lw-of-crystal-palace"
    }
  },
  {
    "model": "clubs.player",
    "pk": "Tom Wilson (RW of Crystal Palace)",
    "fields": {
      "age": 35,
      "position": "RW",
      "avr_rating": 6.6,
      "club": "Crystal Palace",
      "slug": "tom-wilson-rw-of-crystal-palace"
    }
  },
  {
    "model": "clubs.player",
    "pk": "Leo Wright (ST of Crystal Palace)",
    "fields": {
      "age": 34,
      "position": "ST",
      "avr_rating": 6.3,
      "club": "Crystal Palace",
      "slug": "leo-wright-st-of-crystal-palace"
    }
  },
  {
    "model": "clubs.owner",
    "pk": "Victor Wright (Owner of Fulham)",
    "fields": {
      "age": 51,
      "slug": "victor-wright-owner-of-fulham"
    }
  },
  {
    "model": "clubs.manager",
    "pk": "Elijah King (Manager of Fulham)",
    "fields": {
      "age": 40,
      "nationality": "England",
      "matches_played": 204,
      "slug": "elijah-king-manager-of-fulham"
    }
  },
  {
    "model": "clubs.club",
    "pk": "Fulham",
    "fields": {
      "slug": "fulham",
      "manager": "Elijah King (Manager of Fulham)",
      "owner": "Victor Wright (Owner of Fulham)",
      "form": "DDLDD"
    }
  },
  {
    "model": "clubs.player",
    "pk": "Anthony Smith (GK of Fulham)",
    "fields": {
      "age": 20,
      "position": "GK",
      "avr_rating": 7.2,
      "club": "Fulham",
      "slug": "anthony-smith-gk-of-fulham"
    }
  },
  {
    "model": "clubs.player",
    "pk": "Jason Smith (CBL of Fulham)",
    "fields": {
      "age": 19,
      "position": "CBL",
      "avr_rating": 8.0,
      "club": "Fulham",
      "slug": "jason-smith-cbl-of-fulham"
    }
  },
  {
    "model": "clubs.player",
    "pk": "Robert Clark (CBR of Fulham)",
    "fields": {
      "age": 32,
      "position": "CBR",
      "avr_rating": 7.1,
      "club": "Fulham",
      "slug": "robert-clark-cbr-of-fulham"
    }
  },
  {
    "model": "clubs.player",
    "pk": "Leo Bennett (LB of Fulham)",
    "fields": {
      "age": 23,
      "position": "LB",
      "avr_rating": 6.8,
      "club": "Fulham",
      "slug": "leo-bennett-lb-of-fulham"
    }
  },
  {
    "model": "clubs.player",
    "pk": "Chris Allen (RB of Fulham)",
    "fields": {
      "age": 19,
      "position": "RB",
      "avr_rating": 8.8,
      "club": "Fulham",
      "slug": "chris-allen-rb-of-fulham"
    }
  },
  {
    "model": "clubs.player",
    "pk": "Nathan Allen (DM of Fulham)",
    "fields": {
      "age": 18,
      "position": "DM",
      "avr_rating": 7.9,
      "club": "Fulham",
      "slug": "nathan-allen-dm-of-fulham"
    }
  },
  {
    "model": "clubs.player",
    "pk": "David Davis (CM of Fulham)",
    "fields": {
      "age": 32,
      "position": "CM",
      "avr_rating": 8.4,
      "club": "Fulham",
      "slug": "david-davis-cm-of-fulham"
    }
  },
  {
    "model": "clubs.player",
    "pk": "Jason King (AM of Fulham)",
    "fields": {
      "age": 32,
      "position": "AM",
      "avr_rating": 8.1,
      "club": "Fulham",
      "slug": "jason-king-am-of-fulham"
    }
  },
  {
    "model": "clubs.player",
    "pk": "Henry Young (LW of Fulham)",
    "fields": {
      "age": 31,
      "position": "LW",
      "avr_rating": 6.5,
      "club": "Fulham",
      "slug": "henry-young-lw-of-fulham"
    }
  },
  {
    "model": "clubs.player",
    "pk": "Victor King (RW of Fulham)",
    "fields": {
      "age": 24,
      "position": "RW",
      "avr_rating": 7.3,
      "club": "Fulham",
      "slug": "victor-king-rw-of-fulham"
    }
  },
  {
    "model": "clubs.player",
    "pk": "Jason Allen (ST of Fulham)",
    "fields": {
      "age": 26,
      "position": "ST",
      "avr_rating": 8.4,
      "club": "Fulham",
      "slug": "jason-allen-st-of-fulham"
    }
  },
  {
    "model": "clubs.owner",
    "pk": "Luke Young (Owner of Everton)",
    "fields": {
      "age": 45,
      "slug": "luke-young-owner-of-everton"
    }
  },
  {
    "model": "clubs.manager",
    "pk": "Ryan Allen (Manager of Everton)",
    "fields": {
      "age": 46,
      "nationality": "England",
      "matches_played": 112,
      "slug": "ryan-allen-manager-of-everton"
    }
  },
  {
    "model": "clubs.club",
    "pk": "Everton",
    "fields": {
      "slug": "everton",
      "manager": "Ryan Allen (Manager of Everton)",
      "owner": "Luke Young (Owner of Everton)",
      "form": "DDWDL"
    }
  },
  {
    "model": "clubs.player",
    "pk": "Elijah Miller (GK of Everton)",
    "fields": {
      "age": 30,
      "position": "GK",
      "avr_rating": 6.0,
      "club": "Everton",
      "slug": "elijah-miller-gk-of-everton"
    }
  },
  {
    "model": "clubs.player",
    "pk": "Daniel Williams (CBL of Everton)",
    "fields": {
      "age": 29,
      "position": "CBL",
      "avr_rating": 8.2,
      "club": "Everton",
      "slug": "daniel-williams-cbl-of-everton"
    }
  },
  {
    "model": "clubs.player",
    "pk": "George Miller (CBR of Everton)",
    "fields": {
      "age": 33,
      "position": "CBR",
      "avr_rating": 7.7,
      "club": "Everton",
      "slug": "george-miller-cbr-of-everton"
    }
  },
  {
    "model": "clubs.player",
    "pk": "Oliver Lewis (LB of Everton)",
    "fields": {
      "age": 23,
      "position": "LB",
      "avr_rating": 8.2,
      "club": "Everton",
      "slug": "oliver-lewis-lb-of-everton"
    }
  },
  {
    "model": "clubs.player",
    "pk": "David Johnson (RB of Everton)",
    "fields": {
      "age": 22,
      "position": "RB",
      "avr_rating": 7.6,
      "club": "Everton",
      "slug": "david-johnson-rb-of-everton"
    }
  },
  {
    "model": "clubs.player",
    "pk": "Nathan Davis (DM of Everton)",
    "fields": {
      "age": 22,
      "position": "DM",
      "avr_rating": 7.0,
      "club": "Everton",
      "slug": "nathan-davis-dm-of-everton"
    }
  },
  {
    "model": "clubs.player",
    "pk": "John King (CM of Everton)",
    "fields": {
      "age": 22,
      "position": "CM",
      "avr_rating": 6.2,
      "club": "Everton",
      "slug": "john-king-cm-of-everton"
    }
  },
  {
    "model": "clubs.player",
    "pk": "John Brown (AM of Everton)",
    "fields": {
      "age": 24,
      "position": "AM",
      "avr_rating": 7.0,
      "club": "Everton",
      "slug": "john-brown-am-of-everton"
    }
  },
  {
    "model": "clubs.player",
    "pk": "Jason Wilson (LW of Everton)",
    "fields": {
      "age": 29,
      "position": "LW",
      "avr_rating": 8.8,
      "club": "Everton",
      "slug": "jason-wilson-lw-of-everton"
    }
  },
  {
    "model": "clubs.player",
    "pk": "Ryan Miller (RW of Everton)",
    "fields": {
      "age": 23,
      "position": "RW",
      "avr_rating": 7.4,
      "club": "Everton",
      "slug": "ryan-miller-rw-of-everton"
    }
  },
  {
    "model": "clubs.player",
    "pk": "Leo Clark (ST of Everton)",
    "fields": {
      "age": 31,
      "position": "ST",
      "avr_rating": 8.0,
      "club": "Everton",
      "slug": "leo-clark-st-of-everton"
    }
  },
  {
    "model": "clubs.owner",
    "pk": "Victor Brown (Owner of Nottingham Forest)",
    "fields": {
      "age": 75,
      "slug": "victor-brown-owner-of-nottingham-forest"
    }
  },
  {
    "model": "clubs.manager",
    "pk": "Sam Lewis (Manager of Nottingham Forest)",
    "fields": {
      "age": 58,
      "nationality": "England",
      "matches_played": 133,
      "slug": "sam-lewis-manager-of-nottingham-forest"
    }
  },
  {
    "model": "clubs.club",
    "pk": "Nottingham Forest",
    "fields": {
      "slug": "nottingham-forest",
      "manager": "Sam Lewis (Manager of Nottingham Forest)",
      "owner": "Victor Brown (Owner of Nottingham Forest)",
      "form": "DWDWD"
    }
  },
  {
    "model": "clubs.player",
    "pk": "Chris Lewis (GK of Nottingham Forest)",
    "fields": {
      "age": 31,
      "position": "GK",
      "avr_rating": 8.6,
      "club": "Nottingham Forest",
      "slug": "chris-lewis-gk-of-nottingham-forest"
    }
  },
  {
    "model": "clubs.player",
    "pk": "Luke Brown (CBL of Nottingham Forest)",
    "fields": {
      "age": 22,
      "position": "CBL",
      "avr_rating": 7.0,
      "club": "Nottingham Forest",
      "slug": "luke-brown-cbl-of-nottingham-forest"
    }
  },
  {
    "model": "clubs.player",
    "pk": "Chris Smith (CBR of Nottingham Forest)",
    "fields": {
      "age": 29,
      "position": "CBR",
      "avr_rating": 7.4,
      "club": "Nottingham Forest",
      "slug": "chris-smith-cbr-of-nottingham-forest"
    }
  },
  {
    "model": "clubs.player",
    "pk": "Michael Brown (LB of Nottingham Forest)",
    "fields": {
      "age": 31,
      "position": "LB",
      "avr_rating": 7.8,
      "club": "Nottingham Forest",
      "slug": "michael-brown-lb-of-nottingham-forest"
    }
  },
  {
    "model": "clubs.player",
    "pk": "Elijah Lewis (RB of Nottingham Forest)",
    "fields": {
      "age": 23,
      "position": "RB",
      "avr_rating": 7.9,
      "club": "Nottingham Forest",
      "slug": "elijah-lewis-rb-of-nottingham-forest"
    }
  },
  {
    "model": "clubs.player",
    "pk": "Daniel Taylor (DM of Nottingham Forest)",
    "fields": {
      "age": 34,
      "position": "DM",
      "avr_rating": 7.2,
      "club": "Nottingham Forest",
      "slug": "daniel-taylor-dm-of-nottingham-forest"
    }
  },
  {
    "model": "clubs.player",
    "pk": "Henry Taylor (CM of Nottingham Forest)",
    "fields": {
      "age": 30,
      "position": "CM",
      "avr_rating": 8.8,
      "club": "Nottingham Forest",
      "slug": "henry-taylor-cm-of-nottingham-forest"
    }
  },
  {
    "model": "clubs.player",
    "pk": "John Bennett (AM of Nottingham Forest)",
    "fields": {
      "age": 24,
      "position": "AM",
      "avr_rating": 6.6,
      "club": "Nottingham Forest",
      "slug": "john-bennett-am-of-nottingham-forest"
    }
  },
  {
    "model": "clubs.player",
    "pk": "John Williams (LW of Nottingham Forest)",
    "fields": {
      "age": 27,
      "position": "LW",
      "avr_rating": 6.5,
      "club": "Nottingham Forest",
      "slug": "john-williams-lw-of-nottingham-forest"
    }
  },
  {
    "model": "clubs.player",
    "pk": "Chris Jones (RW of Nottingham Forest)",
    "fields": {
      "age": 24,
      "position": "RW",
      "avr_rating": 8.7,
      "club": "Nottingham Forest",
      "slug": "chris-jones-rw-of-nottingham-forest"
    }
  },
  {
    "model": "clubs.player",
    "pk": "Sam Taylor (ST of Nottingham Forest)",
    "fields": {
      "age": 26,
      "position": "ST",
      "avr_rating": 8.2,
      "club": "Nottingham Forest",
      "slug": "sam-taylor-st-of-nottingham-forest"
    }
  },
  {
    "model": "clubs.owner",
    "pk": "Henry Williams (Owner of Bournemouth)",
    "fields": {
      "age": 55,
      "slug": "henry-williams-owner-of-bournemouth"
    }
  },
  {
    "model": "clubs.manager",
    "pk": "Leo Mitchell (Manager of Bournemouth)",
    "fields": {
      "age": 35,
      "nationality": "England",
      "matches_played": 199,
      "slug": "leo-mitchell-manager-of-bournemouth"
    }
  },
  {
    "model": "clubs.club",
    "pk": "Bournemouth",
    "fields": {
      "slug": "bournemouth",
      "manager": "Leo Mitchell (Manager of Bournemouth)",
      "owner": "Henry Williams (Owner of Bournemouth)",
      "form": "DLLDW"
    }
  },
  {
    "model": "clubs.player",
    "pk": "John Mitchell (GK of Bournemouth)",
    "fields": {
      "age": 26,
      "position": "GK",
      "avr_rating": 8.7,
      "club": "Bournemouth",
      "slug": "john-mitchell-gk-of-bournemouth"
    }
  },
  {
    "model": "clubs.player",
    "pk": "Chris Wilson (CBL of Bournemouth)",
    "fields": {
      "age": 35,
      "position": "CBL",
      "avr_rating": 7.4,
      "club": "Bournemouth",
      "slug": "chris-wilson-cbl-of-bournemouth"
    }
  },
  {
    "model": "clubs.player",
    "pk": "Nathan King (CBR of Bournemouth)",
    "fields": {
      "age": 18,
      "position": "CBR",
      "avr_rating": 8.9,
      "club": "Bournemouth",
      "slug": "nathan-king-cbr-of-bournemouth"
    }
  },
  {
    "model": "clubs.player",
    "pk": "Chris Scott (LB of Bournemouth)",
    "fields": {
      "age": 31,
      "position": "LB",
      "avr_rating": 7.0,
      "club": "Bournemouth",
      "slug": "chris-scott-lb-of-bournemouth"
    }
  },
  {
    "model": "clubs.player",
    "pk": "George Wilson (RB of Bournemouth)",
    "fields": {
      "age": 29,
      "position": "RB",
      "avr_rating": 7.4,
      "club": "Bournemouth",
      "slug": "george-wilson-rb-of-bournemouth"
    }
  },
  {
    "model": "clubs.player",
    "pk": "Robert Mitchell (DM of Bournemouth)",
    "fields": {
      "age": 32,
      "position": "DM",
      "avr_rating": 6.1,
      "club": "Bournemouth",
      "slug": "robert-mitchell-dm-of-bournemouth"
    }
  },
  {
    "model": "clubs.player",
    "pk": "Daniel Clark (CM of Bournemouth)",
    "fields": {
      "age": 22,
      "position": "CM",
      "avr_rating": 6.9,
      "club": "Bournemouth",
      "slug": "daniel-clark-cm-of-bournemouth"
    }
  },
  {
    "model": "clubs.player",
    "pk": "Jason Young (AM of Bournemouth)",
    "fields": {
      "age": 19,
      "position": "AM",
      "avr_rating": 6.5,
      "club": "Bournemouth",
      "slug": "jason-young-am-of-bournemouth"
    }
  },
  {
    "model": "clubs.player",
    "pk": "Henry Wilson (LW of Bournemouth)",
    "fields": {
      "age": 26,
      "position": "LW",
      "avr_rating": 7.3,
      "club": "Bournemouth",
      "slug": "henry-wilson-lw-of-bournemouth"
    }
  },
  {
    "model": "clubs.player",
    "pk": "Nathan Wright (RW of Bournemouth)",
    "fields": {
      "age": 31,
      "position": "RW",
      "avr_rating": 6.6,
      "club": "Bournemouth",
      "slug": "nathan-wright-rw-of-bournemouth"
    }
  },
  {
    "model": "clubs.player",
    "pk": "Michael Clark (ST of Bournemouth)",
    "fields": {
      "age": 22,
      "position": "ST",
      "avr_rating": 8.3,
      "club": "Bournemouth",
      "slug": "michael-clark-st-of-bournemouth"
    }
  },
  {
    "model": "clubs.owner",
    "pk": "Ryan Davis (Owner of Burnley)",
    "fields": {
      "age": 62,
      "slug": "ryan-davis-owner-of-burnley"
    }
  },
  {
    "model": "clubs.manager",
    "pk": "Elijah Bennett (Manager of Burnley)",
    "fields": {
      "age": 42,
      "nationality": "England",
      "matches_played": 80,
      "slug": "elijah-bennett-manager-of-burnley"
    }
  },
  {
    "model": "clubs.club",
    "pk": "Burnley",
    "fields": {
      "slug": "burnley",
      "manager": "Elijah Bennett (Manager of Burnley)",
      "owner": "Ryan Davis (Owner of Burnley)",
      "form": "WWDDL"
    }
  },
  {
    "model": "clubs.player",
    "pk": "Henry Bennett (GK of Burnley)",
    "fields": {
      "age": 27,
      "position": "GK",
      "avr_rating": 8.9,
      "club": "Burnley",
      "slug": "henry-bennett-gk-of-burnley"
    }
  },
  {
    "model": "clubs.player",
    "pk": "Anthony Allen (CBL of Burnley)",
    "fields": {
      "age": 18,
      "position": "CBL",
      "avr_rating": 7.3,
      "club": "Burnley",
      "slug": "anthony-allen-cbl-of-burnley"
    }
  },
  {
    "model": "clubs.player",
    "pk": "Anthony Davis (CBR of Burnley)",
    "fields": {
      "age": 34,
      "position": "CBR",
      "avr_rating": 6.0,
      "club": "Burnley",
      "slug": "anthony-davis-cbr-of-burnley"
    }
  },
  {
    "model": "clubs.player",
    "pk": "Chris Davis (LB of Burnley)",
    "fields": {
      "age": 29,
      "position": "LB",
      "avr_rating": 7.8,
      "club": "Burnley",
      "slug": "chris-davis-lb-of-burnley"
    }
  },
  {
    "model": "clubs.player",
    "pk": "David Hall (RB of Burnley)",
    "fields": {
      "age": 24,
      "position": "RB",
      "avr_rating": 8.2,
      "club": "Burnley",
      "slug": "david-hall-rb-of-burnley"
    }
  },
  {
    "model": "clubs.player",
    "pk": "Henry Hall (DM of Burnley)",
    "fields": {
      "age": 18,
      "position": "DM",
      "avr_rating": 6.1,
      "club": "Burnley",
      "slug": "henry-hall-dm-of-burnley"
    }
  },
  {
    "model": "clubs.player",
    "pk": "Elijah Wilson (CM of Burnley)",
    "fields": {
      "age": 27,
      "position": "CM",
      "avr_rating": 7.2,
      "club": "Burnley",
      "slug": "elijah-wilson-cm-of-burnley"
    }
  },
  {
    "model": "clubs.player",
    "pk": "Jason Davis (AM of Burnley)",
    "fields": {
      "age": 34,
      "position": "AM",
      "avr_rating": 7.4,
      "club": "Burnley",
      "slug": "jason-davis-am-of-burnley"
    }
  },
  {
    "model": "clubs.player",
    "pk": "Henry Mitchell (LW of Burnley)",
    "fields": {
      "age": 30,
      "position": "LW",
      "avr_rating": 8.3,
      "club": "Burnley",
      "slug": "henry-mitchell-lw-of-burnley"
    }
  },
  {
    "model": "clubs.player",
    "pk": "Michael Williams (RW of Burnley)",
    "fields": {
      "age": 35,
      "position": "RW",
      "avr_rating": 7.1,
      "club": "Burnley",
      "slug": "michael-williams-rw-of-burnley"
    }
  },
  {
    "model": "clubs.player",
    "pk": "Robert Lewis (ST of Burnley)",
    "fields": {
      "age": 22,
      "position": "ST",
      "avr_rating": 6.4,
      "club": "Burnley",
      "slug": "robert-lewis-st-of-burnley"
    }
  },
  {
    "model": "clubs.owner",
    "pk": "Tom Lewis (Owner of Luton Town)",
    "fields": {
      "age": 67,
      "slug": "tom-lewis-owner-of-luton-town"
    }
  },
  {
    "model": "clubs.manager",
    "pk": "Daniel Mitchell (Manager of Luton Town)",
    "fields": {
      "age": 65,
      "nationality": "England",
      "matches_played": 290,
      "slug": "daniel-mitchell-manager-of-luton-town"
    }
  },
  {
    "model": "clubs.club",
    "pk": "Luton Town",
    "fields": {
      "slug": "luton-town",
      "manager": "Daniel Mitchell (Manager of Luton Town)",
      "owner": "Tom Lewis (Owner of Luton Town)",
      "form": "LLLLD"
    }
  },
  {
    "model": "clubs.player",
    "pk": "James Davis (GK of Luton Town)",
    "fields": {
      "age": 18,
      "position": "GK",
      "avr_rating": 8.6,
      "club": "Luton Town",
      "slug": "james-davis-gk-of-luton-town"
    }
  },
  {
    "model": "clubs.player",
    "pk": "Henry Scott (CBL of Luton Town)",
    "fields": {
      "age": 32,
      "position": "CBL",
      "avr_rating": 8.6,
      "club": "Luton Town",
      "slug": "henry-scott-cbl-of-luton-town"
    }
  },
  {
    "model": "clubs.player",
    "pk": "George Taylor (CBR of Luton Town)",
    "fields": {
      "age": 28,
      "position": "CBR",
      "avr_rating": 6.9,
      "club": "Luton Town",
      "slug": "george-taylor-cbr-of-luton-town"
    }
  },
  {
    "model": "clubs.player",
    "pk": "Elijah Clark (LB of Luton Town)",
    "fields": {
      "age": 27,
      "position": "LB",
      "avr_rating": 7.9,
      "club": "Luton Town",
      "slug": "elijah-clark-lb-of-luton-town"
    }
  },
  {
    "model": "clubs.player",
    "pk": "Chris Wright (RB of Luton Town)",
    "fields": {
      "age": 31,
      "position": "RB",
      "avr_rating": 6.2,
      "club": "Luton Town",
      "slug": "chris-wright-rb-of-luton-town"
    }
  },
  {
    "model": "clubs.player",
    "pk": "Leo Lewis (DM of Luton Town)",
    "fields": {
      "age": 20,
      "position": "DM",
      "avr_rating": 8.9,
      "club": "Luton Town",
      "slug": "leo-lewis-dm-of-luton-town"
    }
  },
  {
    "model": "clubs.player",
    "pk": "Anthony Taylor (CM of Luton Town)",
    "fields": {
      "age": 29,
      "position": "CM",
      "avr_rating": 7.2,
      "club": "Luton Town",
      "slug": "anthony-taylor-cm-of-luton-town"
    }
  },
  {
    "model": "clubs.player",
    "pk": "Chris Williams (AM of Luton Town)",
    "fields": {
      "age": 18,
      "position": "AM",
      "avr_rating": 8.3,
      "club": "Luton Town",
      "slug": "chris-williams-am-of-luton-town"
    }
  },
  {
    "model": "clubs.player",
    "pk": "David Smith (LW of Luton Town)",
    "fields": {
      "age": 32,
      "position": "LW",
      "avr_rating": 8.7,
      "club": "Luton Town",
      "slug": "david-smith-lw-of-luton-town"
    }
  },
  {
    "model": "clubs.player",
    "pk": "Jason Bennett (RW of Luton Town)",
    "fields": {
      "age": 27,
      "position": "RW",
      "avr_rating": 8.6,
      "club": "Luton Town",
      "slug": "jason-bennett-rw-of-luton-town"
    }
  },
  {
    "model": "clubs.player",
    "pk": "Chris Young (ST of Luton Town)",
    "fields": {
      "age": 28,
      "position": "ST",
      "avr_rating": 7.0,
      "club": "Luton Town",
      "slug": "chris-young-st-of-luton-town"
    }
  },
  {
    "model": "clubs.owner",
    "pk": "Nathan Williams (Owner of Sheffield)",
    "fields": {
      "age": 66,
      "slug": "nathan-williams-owner-of-sheffield"
    }
  },
  {
    "model": "clubs.manager",
    "pk": "John Wilson (Manager of Sheffield)",
    "fields": {
      "age": 64,
      "nationality": "England",
      "matches_played": 204,
      "slug": "john-wilson-manager-of-sheffield"
    }
  },
  {
    "model": "clubs.club",
    "pk": "Sheffield",
    "fields": {
      "slug": "sheffield",
      "manager": "John Wilson (Manager of Sheffield)",
      "owner": "Nathan Williams (Owner of Sheffield)",
      "form": "LDWLD"
    }
  },
  {
    "model": "clubs.player",
    "pk": "Jason Brown (GK of Sheffield)",
    "fields": {
      "age": 24,
      "position": "GK",
      "avr_rating": 8.3,
      "club": "Sheffield",
      "slug": "jason-brown-gk-of-sheffield"
    }
  },
  {
    "model": "clubs.player",
    "pk": "Daniel Davis (CBL of Sheffield)",
    "fields": {
      "age": 32,
      "position": "CBL",
      "avr_rating": 7.8,
      "club": "Sheffield",
      "slug": "daniel-davis-cbl-of-sheffield"
    }
  },
  {
    "model": "clubs.player",
    "pk": "Victor Young (CBR of Sheffield)",
    "fields": {
      "age": 27,
      "position": "CBR",
      "avr_rating": 6.0,
      "club": "Sheffield",
      "slug": "victor-young-cbr-of-sheffield"
    }
  },
  {
    "model": "clubs.player",
    "pk": "Victor Taylor (LB of Sheffield)",
    "fields": {
      "age": 22,
      "position": "LB",
      "avr_rating": 7.4,
      "club": "Sheffield",
      "slug": "victor-taylor-lb-of-sheffield"
    }
  },
  {
    "model": "clubs.player",
    "pk": "Leo Allen (RB of Sheffield)",
    "fields": {
      "age": 28,
      "position": "RB",
      "avr_rating": 7.8,
      "club": "Sheffield",
      "slug": "leo-allen-rb-of-sheffield"
    }
  },
  {
    "model": "clubs.player",
    "pk": "Michael Allen (DM of Sheffield)",
    "fields": {
      "age": 26,
      "position": "DM",
      "avr_rating": 6.7,
      "club": "Sheffield",
      "slug": "michael-allen-dm-of-sheffield"
    }
  },
  {
    "model": "clubs.player",
    "pk": "Victor Lewis (CM of Sheffield)",
    "fields": {
      "age": 35,
      "position": "CM",
      "avr_rating": 7.3,
      "club": "Sheffield",
      "slug": "victor-lewis-cm-of-sheffield"
    }
  },
  {
    "model": "clubs.player",
    "pk": "Nathan Brown (AM of Sheffield)",
    "fields": {
      "age": 18,
      "position": "AM",
      "avr_rating": 8.5,
      "club": "Sheffield",
      "slug": "nathan-brown-am-of-sheffield"
    }
  },
  {
    "model": "clubs.player",
    "pk": "Henry Miller (LW of Sheffield)",
    "fields": {
      "age": 26,
      "position": "LW",
      "avr_rating": 8.5,
      "club": "Sheffield",
      "slug": "henry-miller-lw-of-sheffield"
    }
  },
  {
    "model": "clubs.player",
    "pk": "Leo Johnson (RW of Sheffield)",
    "fields": {
      "age": 33,
      "position": "RW",
      "avr_rating": 8.9,
      "club": "Sheffield",
      "slug": "leo-johnson-rw-of-sheffield"
    }
  },
  {
    "model": "clubs.player",
    "pk": "Jason Miller (ST of Sheffield)",
    "fields": {
      "age": 22,
      "position": "ST",
      "avr_rating": 6.1,
      "club": "Sheffield",
      "slug": "jason-miller-st-of-sheffield"
    }
  }
]